"Title","Path","Visits","Visitors"
"(编辑中)STM32 麦轮小车","markdown/(编辑中)stm32 麦轮小车.md","4","0"
"(编辑中)个人数据管理","markdown/(编辑中)个人数据管理.md","4","0"
"BookJourney - 微信小程序","markdown/bookjourney - 微信小程序.md","8","0"
"Wight - 路灯","markdown/wight - 路灯.md","22","0"
"一个舵机的自我修养","markdown/一个舵机的自我修养.md","52","0"
"制定排版标准","markdown/制定排版标准.md","16","0"
"回归博客","markdown/回归博客.md","20","0"
"树莓派搭建云打印","markdown/树莓派搭建云打印.md","27","0"
"读《黑客与画家》","markdown/读《黑客与画家》.md","14","0"
"麦轮小车","markdown/麦轮小车.md","36","0"
"元空间","meta.md","13","0"
"BadUSB","sec/badusb.md","5","0"
"暗网","sec/deepweb.md","1","0"
"潘多拉盒子","sec/hack.md","9","0"
"正方教务系统 - 漏洞收集","sec/jwxt.md","3","0"
"一些有趣的东西","sec/sthfun.md","1","0"
"08498804184341f8b99763953cf6bbe_80_80_true_86","_cache/thumbnails/b/08498804184341f8b99763953cf6bbe_80_80_true_86.png","24","0"
"a7c294c5077a06f5582e997d2a65b39f","_cache/unsplash/large/a7c294c5077a06f5582e997d2a65b39f.jpg","1","0"
